journal_name,journal_subject
JAMA,health
The MAK-Collection for Occupational Health and Safety,health
Advanced Healthcare Materials,health
American Journal of Medical Genetics Part A,health
American Journal of Medical Genetics Part B: Neuropsychiatric Genetics,health
Alzheimer's & Dementia,health
Arthritis & Rheumatology,health
"Endocrinology, Diabetes & Metabolism",health
"Genes, Chromosomes and Cancer",health
Health Economics,health
Head & Neck,health
Health Science Reports,health
STEM CELLS,health
Alzheimer's & Dementia: Translational Research & Clinical Interventions,health
Hepatitis B Virus,health
Pathology & Oncology Research,health
"The journal of nutrition, health & aging",health
Current Genetic Medicine Reports,health
Current Environmental Health Reports,health
The American Journal of Pathology,health
The American Journal of Cardiology,health
The Annals of Thoracic Surgery,health
Biochimica et Biophysica Acta (BBA) - Molecular Basis of Disease,health
Biochimica et Biophysica Acta (BBA) - Molecular Cell Research,health
Cancer/Radiothérapie,health
"Alzheimer's & Dementia: Diagnosis, Assessment & Disease Monitoring",health
Diabetes & Metabolism,health
European Urology Open Science,health
Growth Hormone & IGF Research,health
The Journal of Heart and Lung Transplantation,health
International Journal of Radiation Oncology*Biology*Physics,health
The Journal of Molecular Diagnostics,health
Med,health
Metabolism,health
Parkinsonism & Related Disorders,health
Pediatrics & Neonatology,health
Reports of Practical Oncology & Radiotherapy,health
The Spine Journal,health
Trends in Endocrinology & Metabolism,health
Ultrasound in Medicine & Biology,health
Cell Reports Medicine,health
The Lancet Diabetes & Endocrinology,health
The Lancet Child & Adolescent Health,health
Experimental & Molecular Medicine,health
Nature Reviews Rheumatology,health
Cell Death & Disease,health
Experimental and Clinical Endocrinology & Diabetes,health
"Journal of Environmental Science and Health, Part B",health
Leukemia & Lymphoma,health
"Psychology, Health & Medicine",health
The American Journal of Clinical Nutrition,health
European Heart Journal - Cardiovascular Imaging,health
European Journal of Cardio-Thoracic Surgery,health
The European Journal of Public Health,health
The Journal of Nutrition,health
JNCI: Journal of the National Cancer Institute,health
Clinical Spine Surgery: A Spine Publication,health
Current Opinion in Clinical Nutrition & Metabolic Care,health
The American Journal of Surgical Pathology,health
Cold Spring Harbor Perspectives in Medicine,health
IEEE Transactions on Radiation and Plasma Medical Sciences,health
BJOG: An International Journal of Obstetrics & Gynaecology,health
JDDG: Journal der Deutschen Dermatologischen Gesellschaft,health
Developmental Medicine & Child Neurology,health
Pediatric Obesity,health
Maternal & Child Nutrition,health
Pigment Cell & Melanoma Research,health
Scandinavian Journal of Medicine & Science in Sports,health
The Journal of Physiology,health
Diagnosis and Treatment of Diseases in the Breast and Reproductive System,health
Clinical and Preclinical Optical Diagnostics,health
Optical Fibers and Sensors for Medical Diagnostics and Treatment Applications XVIII,health
Medical Imaging 2018: Physics of Medical Imaging,health
Clinical and Preclinical Optical Diagnostics II,health
BMJ Open Diabetes Research & Care,health
BMJ Open Sport & Exercise Medicine,health
Evidence Based Medicine,health
An update in lung physiology,health
Exploring airways disease,health
The European Physical Journal Plus,health
American Journal of Physiology-Endocrinology and Metabolism,health
American Journal of Physiology-Lung Cellular and Molecular Physiology,health
American Journal of Physiology-Renal Physiology,health
Clinical Research (Excluding Clinical Trials),health
Circulation: Genomic and Precision Medicine,health
Circulation: Cardiovascular Genetics,health
Otolaryngology–Head and Neck Surgery,health
Gerontology and Geriatric Medicine,health
Blood Advances,health
Mechanisms of Lung Injury and Repair,health
Rehabilitation and Chronic Care,health
"Clinical respiratory physiology, exercise and functional imaging",health
Neonatology and paediatric intensive care,health
Paediatric respiratory epidemiology,health
Clinical Problems,health
Idiopathic interstitial pneumonias,health
Occupational and Environmental Health,health
Paediatric bronchology,health
General Practice and Primary Care,health
Molecular pathology and funct. genomics,health
Monitoring airway disease,health
Airway pharmacology and treatment,health
Mechanisms of lung injury and repair,health
Occupational and environmental health,health
Rehabilitation and chronic care,health
General practice and primary care,health
Environmental Health,health
Nutrition & Metabolism,health
Epigenetics & Chromatin,health
Arthritis Research & Therapy,health
Alzheimer's Research & Therapy,health
Stem Cell Research & Therapy,health
Molecular and Cellular Pediatrics,health
BMC Nutrition,health
American Society of Clinical Oncology Educational Book,health
The Journal of Clinical Endocrinology & Metabolism,health
Disease Models & Mechanisms,health
Medicine & Science in Sports & Exercise,health
The British Journal of Radiology,health
PLOS Medicine,health
Diabetes mellitus,health
The International Journal of Occupational and Environmental Medicine,health
"Endocrinology, Diabetes & Metabolism Case Reports",health
Annals of Translational Medicine,health
International Journal of Chronic Obstructive Pulmonary Disease,health
Cancer Genomics & Proteomics,health
Bioactive Compounds in Health and Disease,health
Deutsches Aerzteblatt Online,health
Diseases,health
Journal of Clinical Medicine,health
JAMA Network Open,health
Advanced Synthesis & Catalysis,health
Hepatology Communications,health
The Journal of Pathology,health
Journal of Chromatography B,health
Journal of Veterinary Behavior,health
Vasa,health
Nature Reviews Gastroenterology & Hepatology,health
Phytopathology®,health
European Journal of Gastroenterology & Hepatology,health
Acta Paediatrica,health
Neurogastroenterology & Motility,health
BMJ,health
Investigative Opthalmology & Visual Science,health
Tumori Journal,health
Acta Radiologica Open,health
ILD/DPLD of known origin,health
Journal of the American Society of Nephrology,health
JMIR Research Protocols,health
Rhinology journal,health
Clinical & Translational Immunology,life
"Immunity, Inflammation and Disease",life
Molecular Genetics & Genomic Medicine,life
Molecular Nutrition & Food Research,life
Systems Genetics,life
Plant Genomics Databases,life
Mitochondria,life
3D Cell Culture,life
DNA Methylation Protocols,life
Gene Regulatory Networks,life
Cellular Senescence,life
Biological Mechanisms of Minimal Residual Disease and Systemic Cancer,life
Theoretical and Applied Genetics,life
Trees,life
neurogenetics,life
medizinische genetik,life
"Air Quality, Atmosphere & Health",life
"Agriculture, Ecosystems & Environment",life
The American Journal of Human Genetics,life
Biochimica et Biophysica Acta (BBA) - Gene Regulatory Mechanisms,life
Biochimica et Biophysica Acta (BBA) - Biomembranes,life
The International Journal of Biochemistry & Cell Biology,life
Bioorganic & Medicinal Chemistry,life
Cell Host & Microbe,life
Developmental & Comparative Immunology,life
Current Opinion in Genetics & Development,life
The Journal of Allergy and Clinical Immunology: In Practice,life
The Journal of Nutritional Biochemistry,life
The Journal of Steroid Biochemistry and Molecular Biology,life
Matrix Biology Plus,life
Mutation Research/Reviews in Mutation Research,life
Respiratory Physiology & Neurobiology,life
Spectrochimica Acta Part A: Molecular and Biomolecular Spectroscopy,life
Seminars in Cell & Developmental Biology,life
Urban Forestry & Urban Greening,life
The Journal of Organic Chemistry,life
Cell Death & Differentiation,life
Nature Structural & Molecular Biology,life
Cellular & Molecular Immunology,life
Molecular & Cellular Proteomics,life
Expert Review of Pharmacoeconomics & Outcomes Research,life
The World Journal of Biological Psychiatry,life
Human Vaccines & Immunotherapeutics,life
Molecular & Cellular Oncology,life
Antioxidants & Redox Signaling,life
The Journal of Infectious Diseases,life
Molecular Plant-Microbe Interactions®,life
Current Opinion in Allergy & Clinical Immunology,life
Environmental Epidemiology,life
Genes & Development,life
Molecular Case Studies,life
The Plant Cell,life
Allergy,life
Chemical Biology & Drug Design,life
Clinical & Experimental Allergy,life
Clinical & Experimental Immunology,life
Science Immunology,life
Genome Announcements,life
"Journal of Neurology, Neurosurgery & Psychiatry",life
Cancer Epidemiology Biomarkers & Prevention,life
Bioinformatics and Systems Biology,life
Molecular and Cellular Biology / Genetics,life
Cancer Immunology Research,life
The Neuroscientist,life
SLAS DISCOVERY: Advancing the Science of Drug Discovery,life
Allergy and immunology,life
Airway Cell Biology and Immunopathology,life
Airway cell biology and immunopathology,life
The Lung Microbiome,life
Environmental Microbiome,life
Neurology Genetics,life
Neurology - Neuroimmunology Neuroinflammation,life
The Journal of Experimental Biology,life
PLOS Biology,life
PLOS Computational Biology,life
PLOS Genetics,life
Journal of Integrative Bioinformatics,life
The Journal of Neuroscience,life
Cell Stress,life
Agricultural & Environmental Letters,life
Cells,life
International Journal of Pharmacology,life
The Journal of Immunology,life
Journal of soil science and plant nutrition,life
Allergologie select,life
Cytometry Part A,life
genesis,life
Glia,life
PROTEOMICS,life
PROTEOMICS – Clinical Applications,life
"JIMD Reports, Volume 44",life
Semaphorin Signaling,life
Quorum Sensing,life
Chaperones,life
Metabolic Profiling,life
Histone Variants,life
Pflügers Archiv - European Journal of Physiology,life
Cellular Oncology,life
Biochimica et Biophysica Acta (BBA) - General Subjects,life
Prostaglandins & Other Lipid Mediators,life
The ISME Journal,life
The Pharmacogenomics Journal,life
Amyloid,life
Worm,life
Neurogenesis,life
The FASEB Journal,life
The FEBS Journal,life
Pathogenic stroma,life
JCI Insight,life
Acta Neuropathologica Communications,life
The EMBO Journal,life
EMBO reports,life
Wiley Interdisciplinary Reviews: RNA,multidisciplinary
Scientific Data,multidisciplinary
Proceedings of the National Academy of Sciences,multidisciplinary
Instrumentation Science & Technology,multidisciplinary
Database,multidisciplinary
Journal of The Royal Society Interface,multidisciplinary
Science Advances,multidisciplinary
Research Ideas and Outcomes,multidisciplinary
SN Applied Sciences,multidisciplinary
The Journals of Gerontology: Series A,multidisciplinary
PLOS ONE,multidisciplinary
PLOS Pathogens,multidisciplinary
Journal of Geophysical Research: Biogeosciences,physical
Angewandte Chemie,physical
Angewandte Chemie International Edition,physical
Chemistry – A European Journal,physical
Current Protocols in Mouse Biology,physical
Current Protocols in Plant Biology,physical
Laser & Photonics Reviews,physical
Nitric Oxide,physical
Artificial Neural Networks and Machine Learning – ICANN 2019: Deep Learning,physical
Medical Image Computing and Computer Assisted Intervention – MICCAI 2019,physical
Nonlinear Differential Equations and Applications NoDEA,physical
"Magnetic Resonance Materials in Physics, Biology and Medicine",physical
International Journal of Computer Assisted Radiology and Surgery,physical
Geochemistry,physical
Deep Sea Research Part II: Topical Studies in Oceanography,physical
Environment International,physical
Environmental Modelling & Software,physical
Environmental Technology & Innovation,physical
"Nuclear Instruments and Methods in Physics Research Section A: Accelerators, Spectrometers, Detectors and Associated Equipment",physical
TrAC Trends in Analytical Chemistry,physical
Zeitschrift für Medizinische Physik,physical
Energy & Fuels,physical
Environmental Science & Technology,physical
Environmental Science & Technology Letters,physical
The Journal of Physical Chemistry B,physical
The Journal of Physical Chemistry C,physical
ACS Applied Materials & Interfaces,physical
ACS Sustainable Chemistry & Engineering,physical
Journal of Geophysical Research: Atmospheres,physical
Nature Ecology & Evolution,physical
npj Climate and Atmospheric Science,physical
Nature Machine Intelligence,physical
Communications Earth & Environment,physical
Plant Signaling & Behavior,physical
Computer Methods in Biomechanics and Biomedical Engineering: Imaging & Visualization,physical
Journal of Physics D: Applied Physics,physical
Physics in Medicine & Biology,physical
Biomedical Physics & Engineering Express,physical
2019 IEEE 19th International Conference on Bioinformatics and Bioengineering (BIBE),physical
2019 49th Annual IEEE/IFIP International Conference on Dependable Systems and Networks (DSN),physical
2018 40th Annual International Conference of the IEEE Engineering in Medicine and Biology Society (EMBC),physical
2019 41st Annual International Conference of the IEEE Engineering in Medicine and Biology Society (EMBC),physical
2018 13th International Conference on Computer Engineering and Systems (ICCES),physical
Meteoritics & Planetary Science,physical
"Plant, Cell & Environment",physical
The Plant Journal,physical
Medical Imaging 2017: Physics of Medical Imaging,physical
Photons Plus Ultrasound: Imaging and Sensing 2017,physical
Optical Elastography and Tissue Biomechanics IV,physical
Medical Imaging 2017: Ultrasonic Imaging and Tomography,physical
Remote Sensing of Clouds and the Atmosphere XXII,physical
Opto-Acoustic Methods and Applications in Biophotonics III,physical
Novel Biophotonics Techniques and Applications IV,physical
Photons Plus Ultrasound: Imaging and Sensing 2018,physical
Unconventional Optical Imaging,physical
Remote Sensing of Clouds and the Atmosphere XXIII,physical
Advanced Optical Imaging Technologies,physical
Label-free Biomedical Imaging and Sensing (LBIS) 2019,physical
Photons Plus Ultrasound: Imaging and Sensing 2019,physical
Advances in Microscopic Imaging II,physical
Developments in X-Ray Tomography XII,physical
Medical Laser Applications and Laser-Tissue Interactions IX,physical
Opto-Acoustic Methods and Applications in Biophotonics IV,physical
Remote Sensing of Clouds and the Atmosphere XXIV,physical
Photons Plus Ultrasound: Imaging and Sensing 2020,physical
Multiscale Modeling & Simulation,physical
Clinical Chemistry and Laboratory Medicine (CCLM),physical
Frontiers in Forests and Global Change,physical
Atmosphere,physical
Soil Systems,physical
Water,physical
"Symmetry, Integrability and Geometry: Methods and Applications",physical
The Astrophysical Journal,physical
ELECTROPHORESIS,physical
Journal of The American Society for Mass Spectrometry,physical
LWT,physical
Patterns,physical
Science of The Total Environment,physical
Light: Science & Applications,physical
Acta Crystallographica Section A Foundations and Advances,physical
Advanced Therapeutics,social
The European Journal of Health Economics,social
International Journal of Data Science and Analytics,social
Economics & Human Biology,social
Pharmacology & Therapeutics,social
Physiology & Behavior,social
Pulmonary Pharmacology & Therapeutics,social
Ethics and Economics,social
Ethics and economics,social
New CARs,social
Contact,physical
Acta Diabetologica,health
Acta Neuropathologica,life
Acta Oecologica,physical
Addiction Biology,health
Advanced Biosystems,life
Age and Ageing,health
American Journal of Respiratory Cell and Molecular Biology,life
Amyotrophic Lateral Sclerosis and Frontotemporal Degeneration,health
Analytical and Bioanalytical Chemistry,physical
Annals of Clinical and Translational Neurology,life
Annals of Human Genetics,life
Annals of Neurology,life
Anticancer Research,health
Antimicrobial Agents and Chemotherapy,life
Appetite,social
Applied Health Economics and Health Policy,social
Applied Soil Ecology,physical
Aquatic Sciences,physical
Archives of Physiology and Biochemistry,health
Archives of Toxicology,physical
Astrobiology,physical
Autoimmunity,life
Big Data,physical
Biodiversity and Conservation,life
Bioelectrochemistry,physical
Biogeosciences,physical
Biological Invasions,physical
Biomarker Research,life
Biomarkers,life
Biomedical Optics Express,physical
Biomedicines,life
Biometrical Journal,physical
Biopreservation and Biobanking,life
Biostatistics,physical
BMC Cancer,health
BMC Ecology,physical
BMC Medical Genomics,health
Bone,health
Brain Structure and Function,life
Breast Cancer Research,life
Briefings in Bioinformatics,life
British Journal of Cancer,physical
British Journal of Ophthalmology,life
Calcified Tissue International,health
Cancer and Metastasis Reviews,health
Cancer Cell,health
Cancer Cell International,health
Cancer Communications,health
Cancer Epidemiology,health
Cancer Letters,health
Cancer Medicine,health
Cancer Prevention Research,health
Cancer Research,health
Cancers,health
Cardiovascular Research,health
Cell and Tissue Research,life
Cell Systems,life
Cerebrovascular Diseases,life
ChemBioChem,physical
Chemistry and Physics of Lipids,physical
Circulation Research,life
Clinica Chimica Acta,life
Clinical and Translational Allergy,life
Clinical Cancer Research,health
Clinical Chemistry,life
Clinical EEG and Neuroscience,life
Clinical Epigenetics,life
Clinical Genetics,life
Clinical Immunology,life
Clinical Neurophysiology,life
Clinical Physiology and Functional Imaging,life
Clinical Therapeutics,life
Clinics in Laboratory Medicine,life
Comprehensive Physiology,life
Computer Methods and Programs in Biomedicine,physical
Computers in Biology and Medicine,physical
Critical Reviews in Clinical Laboratory Sciences,life
Current Allergy and Asthma Reports,life
Current Eye Research,health
Current Neurology and Neuroscience Reports,life
Current Opinion in Microbiology,life
Current Opinion in Physiology,life
Current Opinion in Systems Biology,physical
Current Vascular Pharmacology,health
Dementia and Geriatric Cognitive Disorders Extra,health
Dental Materials,physical
Development and Psychopathology,social
Diabetes Research and Clinical Practice,health
"Diabetes, Obesity and Metabolism",health
Diabetes/Metabolism Research and Reviews,health
Diabetic Medicine,health
Diversity,physical
Ecology and Evolution,physical
Ecotoxicology and Environmental Safety,physical
Emerging Contaminants,physical
Endocrine,health
Endocrine-Related Cancer,health
Endocrine Connections,health
Endocrine Reviews,health
Endocrinology and Metabolism,health
Environmental Health Perspectives,health
Environmental Pollution,physical
Environmental Research,physical
Environmental Toxicology,physical
Environmental Toxicology and Pharmacology,physical
Epilepsia,life
Ergonomics,social
European Journal of Cell Biology,life
European Journal of Endocrinology,life
European Journal of Human Genetics,life
European Journal of Immunology,life
European Journal of Medical Genetics,health
European Journal of Medicinal Chemistry,physical
European Journal of Neurology,life
Eurosurveillance,health
Experimental Dermatology,health
Experimental Eye Research,health
Experimental Hematology,health
Expert Review of Clinical Immunology,health
FEMS Microbiology Ecology,physical
Flavour and Fragrance Journal,physical
Food Chemistry,physical
Free Radical Biology and Medicine,life
Frontiers in Behavioral Neuroscience,social
Frontiers in Cellular and Infection Microbiology,life
Frontiers in Genetics,health
Frontiers in Immunology,health
Frontiers in Microbiology,health
Frontiers in Neuroanatomy,health
Frontiers in Neurology,health
Frontiers in Oncology,health
Frontiers in Pharmacology,health
Frontiers in Physiology,health
Genes,health
Genome Medicine,health
Genome Research,health
Gerontology,health
GigaScience,physical
Global Ecology and Conservation,physical
Graefe's Archive for Clinical and Experimental Ophthalmology,life
Gut Microbes,health
Health Physics,physical
Heredity,health
Hormone and Metabolic Research,health
Hormone Molecular Biology and Clinical Investigation,health
Human Genetics,health
Human Molecular Genetics,health
Human Mutation,health
IEEE Transactions on Medical Imaging,physical
Immunity,health
Immunobiology,health
Immunological Reviews,health
Immunology,health
Indoor Air,physical
Inflammation,life
International Archives of Allergy and Immunology,life
International Immunology,life
International Journal of Cancer,health
International Journal of Environmental Research and Public Health,physical
International Journal of Environmental Science and Technology,physical
International Journal of Health Geographics,social
International Journal of Hyperthermia,health
International Journal of Laboratory Hematology,health
International Journal of Oncology,health
JAMA Oncology,life
JIMD Reports,life
Journal of Aerosol Medicine and Pulmonary Drug Delivery,life
Journal of Affective Disorders,social
Journal of Agricultural and Food Chemistry,physical
Journal of Allergy and Clinical Immunology,life
Journal of Applied Animal Welfare Science,life
Journal of Applied Clinical Medical Physics,physical
Journal of Applied Physiology,life
Journal of Applied Statistics,physical
Journal of Autoimmunity,life
Journal of Biomedical Science,health
Journal of Biomolecular NMR,physical
Journal of Biosocial Science,social
Journal of Cancer Research and Clinical Oncology,health
Journal of Chromatography A,physical
Journal of Clinical Neuroscience,health
Journal of Clinical Oncology,health
Journal of Clinical Sleep Medicine,health
Journal of Dermatological Science,health
Journal of Diabetes and its Complications,life
Journal of Endocrinology,health
Journal of Experimental Medicine,life
Journal of Extracellular Vesicles,life
Journal of Hypertension,health
Journal of Immunological Methods,health
Journal of Inherited Metabolic Disease,health
Journal of Investigative Dermatology,health
Journal of Magnetic Resonance,physical
Journal of Mathematical Biology,physical
Journal of Medical Genetics,life
Journal of Molecular Histology,life
Journal of Neurology,life
Journal of Neuromuscular Diseases,life
Journal of Nutritional Science,life
Journal of Occupational Medicine and Toxicology,social
Journal of Parkinson's Disease,health
Journal of Pediatric Endocrinology and Metabolism,health
Journal of Proteome Research,physical
Journal of Psychiatric Research,life
Journal of Psychopharmacology,life
Journal of Psychosomatic Research,social
Journal of Radiological Protection,physical
Journal of the American Society for Mass Spectrometry,physical
Journal of the Neurological Sciences,life
Journal of Trace Elements in Medicine and Biology,physical
Laboratory Animals,health
Laboratory Investigation,life
Leukemia,life
Luminescence,physical
Lung Cancer,health
Maturitas,health
Medical Physics,life
Metabolites,life
Metabolomics,life
Methods in Ecology and Evolution,physical
Microbial Ecology,physical
Microbial Pathogenesis,health
Microbiome,life
Microorganisms,life
Molecular Cancer Research,health
Molecular Cancer Therapeutics,health
Molecular Genetics and Metabolism,life
Molecular Imaging and Biology,health
Molecular Informatics,physical
Molecular Medicine,life
Molecular Medicine Reports,life
Molecular Oncology,health
Molecular Therapy - Oncolytics,health
Movement Disorders,life
Movement Disorders Clinical Practice,health
NanoImpact,social
Nature Human Behaviour,social
Nature Immunology,life
Nature Metabolism,life
Nature Reviews Cancer,health
Nature Reviews Endocrinology,health
Nature Reviews Genetics,life
Neonatology,life
Neuro-Oncology,health
Neuro-Oncology Practice,life
Neurobiology of Learning and Memory,social
Neurodegenerative Diseases,health
Neuropsychiatric Disease and Treatment,health
Neuropsychopharmacology,life
Neurotherapeutics,health
New Biotechnology,physical
NMR in Biomedicine,physical
npj Aging and Mechanisms of Disease,health
npj Regenerative Medicine,life
npj Science of Food,life
npj Systems Biology and Applications,life
Nuclear Medicine and Biology,health
Nutrients,health
Obesity Facts,social
OncoImmunology,life
Oncology Research and Treatment,life
Ophthalmologica,life
Particle and Fibre Toxicology,physical
Patient Preference and Adherence,social
Pediatric Allergy and Immunology,life
PharmacoEconomics,health
Pharmacogenetics and Genomics,life
Photoacoustics,physical
Photonics,physical
Physica Medica,physical
Physics and Imaging in Radiation Oncology,physical
Physiological Measurement,health
Physiological Reviews,health
Placenta,health
Plants,life
Progress in Retinal and Eye Research,health
Psychosomatic Medicine,social
Radiation Research,physical
Redox Biology,life
Reviews in Endocrine and Metabolic Disorders,life
Seminars in Immunopathology,life
Seminars in Radiation Oncology,health
Skeletal Muscle,health
Soil and Tillage Research,physical
Statistical Applications in Genetics and Molecular Biology,physical
Statistical Modelling,physical
Statistics,physical
Statistics in Biosciences,physical
Statistics in Medicine,physical
Stress and Health,social
Sustainable Chemistry and Pharmacy,life
Targeted Oncology,health
The Lancet Planetary Health,health
Therapeutic Drug Monitoring,health
Theriogenology,life
Thyroid,life
Tobacco Induced Diseases,social
Toxins,physical
Transboundary and Emerging Diseases,life
Translational Cancer Research,health
Translational Oncology,health
Translational Psychiatry,life
Transplant Immunology,life
Trends in Biotechnology,physical
Trends in Cancer,health
Trends in Immunology,life
Vaccine,life
Veterinary Immunology and Immunopathology,health
Viruses,health
Wellcome Open Research,life
World Allergy Organization Journal,health
World Journal of Stem Cells,health
Xenotransplantation,health
Advanced Materials,physical
Mathematical Methods in the Applied Sciences,physical
Frontiers of Optoelectronics,physical
Nano Research,physical
Health Policy and Technology,physical
Water Research,physical
ACS Synthetic Biology,life
Expert Review of Medical Devices,health
Nanotoxicology,physical
Journal of Functional Biomaterials,life
Chemistry – A European Journal,health
PROTEOMICS – Clinical Applications,physical
Pflügers Archiv - European Journal of Physiology,social
Molecular Plant-Microbe Interactions®,physical
Academic Radiology,health
ACS Catalysis,physical
ACS Central Science,physical
ACS Chemical Biology,life
ACS Chemical Neuroscience,life
ACS Nano,physical
ACS Sensors,physical
Acta Astronautica,multidisciplinary
Acta Neurochirurgica,health
Acta Oncologica,health
Acta Ophthalmologica,health
Acta Pharmaceutica Sinica B,life
Acta Physiologica,life
Addiction,health
Advanced Functional Materials,physical
Advanced Science,physical
Advances in Atmospheric Sciences,physical
Advances in Data Analysis and Classification,physical
Advances in Experimental Medicine and Biology,life
Advances in Radiation Oncology,health
Aerobiologia,life
Aerosol Science and Technology,physical
Ageing Research Reviews,life
Aging,life
Aging Cell,life
Agricultural and Forest Meteorology,physical
Agroforestry Systems,life
Agronomy,life
Allergo Journal International,health
Allergologie,health
American Journal of Epidemiology,health
American Journal of Kidney Diseases,health
American Journal of Obstetrics and Gynecology,health
American Journal of Psychiatry,health
American Journal of Respiratory and Critical Care Medicine,health
American Journal of Transplantation,health
Analytica Chimica Acta,physical
Analytical Biochemistry,life
Analytical Chemistry,physical
Anesthesiology,health
Angiology,health
Animal Conservation,physical
Annals of Botany,life
Annals of Global Health,health
Annals of Hematology,health
Annals of Internal Medicine,health
Annals of Nutrition and Metabolism,health
Annals of Oncology,health
Annals of Surgical Oncology,health
Annals of the American Thoracic Society,health
Annals of the ICRP,health
Annals of the New York Academy of Sciences,life
Annals of the Rheumatic Diseases,life
Annals of Work Exposures and Health,health
Annual Review of Genetics,life
Annual Review of Nutrition,health
Annual Review of Virology,life
Anti-Corrosion Methods and Materials,physical
Antioxidants,life
Antiviral Research,life
Applied and Environmental Microbiology,life
Applied Geochemistry,physical
Applied Microbiology and Biotechnology,life
Applied Physics Letters,physical
Applied Sciences,physical
Aquatic Microbial Ecology,life
Archives of Biochemistry and Biophysics,life
Archives of Microbiology,life
"Arctic, Antarctic, and Alpine Research",physical
"Arteriosclerosis, Thrombosis, and Vascular Biology",health
Atherosclerosis,health
Atmospheric Chemistry and Physics,physical
Atmospheric Environment,physical
Atmospheric Pollution Research,physical
Autophagy,life
Behavioural Brain Research,life
Bioanalysis,life
Biochemical and Biophysical Research Communications,life
Biochemical Engineering Journal,physical
Biochemical Genetics,life
Biochemical Journal,life
Biochemical Pharmacology,life
Biochemical Society Transactions,life
Biochemistry,life
Biochemistry (Moscow),life
Biochimie,life
BioData Mining,physical
Biodegradation,physical
BioFactors,life
Biogeochemistry,physical
Bioinformatics,physical
Biological Chemistry,life
Biological Psychiatry,life
Biologie Aujourd'hui,life
Biology and Fertility of Soils,life
Biology Letters,life
Biomarkers in Medicine,life
BioMed Research International,life
Biomedical Chromatography,life
BioMetals,life
Biomolecular NMR Assignments,life
Biomolecules,life
Bioorganic Chemistry,life
Biophysical Journal,life
Bioresource Technology,physical
BioScience,life
Biotechnology Advances,life
Biotechnology and Bioengineering,life
Biotechnology Journal,life
Biotechnology Letters,life
BIT Numerical Mathematics,physical
Blood,life
Blood Cancer Journal,health
BMC Bioinformatics,physical
BMC Biology,life
BMC Cardiovascular Disorders,health
BMC Developmental Biology,life
BMC Emergency Medicine,health
BMC Endocrine Disorders,health
BMC Evolutionary Biology,life
BMC Family Practice,health
BMC Genomics,life
BMC Geriatrics,health
BMC Health Services Research,health
BMC Infectious Diseases,health
BMC Medical Ethics,health
BMC Medical Imaging,health
BMC Medical Informatics and Decision Making,health
BMC Medical Research Methodology,health
BMC Medicine,health
BMC Musculoskeletal Disorders,health
BMC Nephrology,health
BMC Ophthalmology,health
BMC Oral Health,health
BMC Palliative Care,health
BMC Pediatrics,health
BMC Plant Biology,life
BMC Psychiatry,health
BMC Public Health,health
BMC Pulmonary Medicine,health
BMC Research Notes,life
BMC Systems Biology,physical
BMJ Global Health,health
BMJ Open,health
BMJ Open Respiratory Research,health
Brain,health
Brain and Behavior,life
Brain Research,life
Brain Stimulation,life
Brazilian Journal of Microbiology,life
Breast Care,health
Breathe,health
British Journal of Dermatology,health
British Journal of Nutrition,health
Bulletin of Mathematical Biology,life
"Cancer Immunology, Immunotherapy",life
Carcinogenesis,life
Cardiovascular Diabetology,health
Caries Research,health
Cell,life
Cell Chemical Biology,life
Cell Communication and Signaling,life
Cell Metabolism,life
Cell Proliferation,life
Cell Reports,life
Cell Research,life
Cell Stem Cell,life
Cellular and Molecular Gastroenterology and Hepatology,health
Cellular and Molecular Life Sciences,life
Cellular Immunology,life
Cellular Microbiology,life
Cellular Physiology and Biochemistry,life
Cellular Signalling,life
Cerebral Cortex,life
Chemical and Biological Technologies in Agriculture,life
Chemical Papers,physical
Chemical Research in Toxicology,life
Chemical Senses,life
Chemico-Biological Interactions,life
Chemistry - A European Journal,physical
ChemistrySelect,physical
ChemMedChem,life
Chemosphere,physical
ChemPhysChem,physical
Circulation,health
Circulation: Arrhythmia and Electrophysiology,health
Circulation: Cardiovascular Imaging,health
Clinical and Experimental Dermatology,health
Clinical and Translational Gastroenterology,health
Clinical and Translational Radiation Oncology,health
Clinical Biochemistry,life
Clinical Gastroenterology and Hepatology,health
Clinical Infectious Diseases,health
Clinical Nuclear Medicine,health
Clinical Nutrition,health
Clinical Oral Investigations,health
Clinical Research in Cardiology,health
Clinical Science,health
Cochrane Database of Systematic Reviews,health
Communications Biology,life
Conservation Genetics,life
Contact Dermatitis,health
Contemporary Clinical Trials Communications,life
Coordination Chemistry Reviews,physical
Cost Effectiveness and Resource Allocation,health
Critical Care,health
Critical Reviews in Oncology/Hematology,health
Current Biology,life
Current Cardiology Reports,health
Current Diabetes Reports,health
Current Genetics,life
Current Medicinal Chemistry,life
Current Microbiology,life
Current Neuropharmacology,life
Current Opinion in Cell Biology,life
Current Opinion in Lipidology,health
Current Opinion in Neurobiology,life
Current Opinion in Pharmacology,life
Current Opinion in Pulmonary Medicine,health
Current Opinion in Virology,life
Current Pharmaceutical Design,life
Current Proteomics,life
Current Treatment Options in Neurology,health
Current Treatment Options in Oncology,health
Cytokine,life
Data in Brief,multidisciplinary
Development,social
Developmental Biology,life
Developmental Cell,life
Developmental Cognitive Neuroscience,life
Developmental Psychobiology,life
Diabetes,health
Diabetes Care,health
Diabetes Therapy,health
Diabetologia,health
Discrete and Continuous Dynamical Systems,physical
Diseases of the Esophagus,health
DNA Research,life
Drug Delivery and Translational Research,life
Drug Discovery Today,life
Drug Testing and Analysis,physical
Early Human Development,health
Earth System Science Data,physical
EBioMedicine,life
EClinicalMedicine,health
Ecology Letters,life
EJNMMI Research,health
eLife,life
EMBO Molecular Medicine,life
Endocrinology,life
Environmental and Experimental Botany,life
Environmental Earth Sciences,physical
Environmental Microbiology,life
Environmental Microbiology Reports,life
Environmental Monitoring and Assessment,physical
Environmental Research Letters,physical
Environmental Science and Pollution Research,physical
Epidemiology,health
Epigenetics,life
Epigenomics,life
ERJ Open Research,health
Essays in Biochemistry,life
Ethology,life
European Archives of Oto-Rhino-Laryngology,health
European Heart Journal,health
European Heart Journal: Acute Cardiovascular Care,health
European Journal of Agronomy,life
European Journal of Applied Mathematics,physical
European Journal of Clinical Nutrition,health
European Journal of Epidemiology,health
European Journal of Internal Medicine,health
European Journal of Mass Spectrometry,physical
European Journal of Medical Research,health
European Journal of Neuroscience,life
European Journal of Nuclear Medicine and Molecular Imaging,health
European Journal of Nutrition,health
European Journal of Paediatric Neurology,health
European Journal of Pharmaceutical Sciences,life
European Journal of Preventive Cardiology,health
European Journal of Public Health,health
European Journal of Radiology,health
European Journal of Soil Science,life
European Journal of Vascular and Endovascular Surgery,health
European Neuropsychopharmacology,life
European Polymer Journal,physical
European Radiology,health
European Respiratory Journal,health
European Respiratory Review,health
European Stroke Journal,health
Experimental Cell Research,life
Experimental Gerontology,life
Experimental Neurology,life
Experimental Physiology,health
Expert Opinion on Drug Delivery,life
Expert Review of Proteomics,life
F1000Research,life
FEBS Letters,life
FEBS Open Bio,life
FEMS Yeast Research,life
Field Crops Research,life
Fluids and Barriers of the CNS,life
Food Analytical Methods,life
Food and Chemical Toxicology,life
Food Control,life
Food Microbiology,life
Food Policy,social
Food Research International,life
Foods,life
Forensic Chemistry,physical
Frontiers in Aging Neuroscience,life
Frontiers in Applied Mathematics and Statistics,physical
Frontiers in Cardiovascular Medicine,health
Frontiers in Cell and Developmental Biology,life
Frontiers in Cellular Neuroscience,life
Frontiers in Chemistry,physical
Frontiers in Endocrinology,health
Frontiers in Environmental Science,physical
Frontiers in Marine Science,physical
Frontiers in Medicine,health
Frontiers in Molecular Biosciences,life
Frontiers in Molecular Neuroscience,life
Frontiers in Neuroscience,life
Frontiers in Nutrition,health
Frontiers in Pediatrics,health
Frontiers in Plant Science,life
Frontiers in Psychiatry,health
Frontiers in Psychology,social
Frontiers in Public Health,health
Frontiers in Systems Neuroscience,life
Fuel,physical
Functional Ecology,life
Fungal Genetics and Biology,life
Gastroenterology,health
GCB Bioenergy,physical
Gene,life
Gene Expression Patterns,life
Gene Reports,life
General Hospital Psychiatry,health
Genetic Epidemiology,health
Genetics,life
Genetics in Medicine,health
Genome Biology,life
Genome Biology and Evolution,life
Geochimica et Cosmochimica Acta,physical
Geoderma,life
Geomorphology,physical
Geoscientific Model Development,physical
GeroScience,health
Global Biogeochemical Cycles,physical
Global Change Biology,physical
Globalization and Health,health
Glycobiology,life
Grana,life
Gut,health
Haematologica,health
Haemophilia,health
Handbook of Experimental Pharmacology,life
Health and Quality of Life Outcomes,health
Health Economics Review,health
Health Policy,health
Hearing Research,life
Heart,health
HeartRhythm Case Reports,health
Heliyon,multidisciplinary
Hepatology,health
Hepatology International,health
Hepatology Research,health
Histochemistry and Cell Biology,health
HLA,life
Human Brain Mapping,health
Human Gene Therapy,life
Human Genomics,life
Hydrobiologia,life
Hydrogeology Journal,physical
Hydrological Processes,physical
Hydrological Sciences Journal,physical
Hydrology and Earth System Sciences,physical
Hypertension,health
IEEE Transactions on Biomedical Engineering,multidisciplinary
IEEE Transactions on Image Processing,physical
IEEE Transactions on Pattern Analysis and Machine Intelligence,physical
Immunologic Research,life
Immunological Investigations,life
Immunology and Cell Biology,life
Infection,health
"Infection, Genetics and Evolution",life
Injury Prevention,health
Inorganic Chemistry,physical
Integrative and Comparative Biology,life
Intensive Care Medicine,health
International Archives of Occupational and Environmental Health,health
International Journal for Equity in Health,health
International Journal of Behavioral Nutrition and Physical Activity,health
International Journal of Biometeorology,physical
International Journal of Cardiology,health
International Journal of Colorectal Disease,health
International Journal of Environmental Research,physical
International Journal of Epidemiology,health
International Journal of Hygiene and Environmental Health,health
International Journal of Inflammation,health
International Journal of Mass Spectrometry,physical
International Journal of Methods in Psychiatric Research,health
International Journal of Molecular Sciences,physical
International Journal of Nanomedicine,physical
International Journal of Obesity,health
International Journal of Pharmaceutics,life
International Journal of Radiation Biology,health
International Journal of Sports Medicine,health
International Journal of Systematic and Evolutionary Microbiology,life
International Journal of Technology Assessment in Health Care,health
Inverse Problems,physical
Inverse Problems in Science and Engineering,physical
Investigative Radiology,health
iScience,multidisciplinary
Isotopes in Environmental and Health Studies,physical
Israel Journal of Chemistry,physical
Italian Journal of Pediatrics,health
IUBMB Life,life
JAMA Cardiology,health
JAMA Dermatology,health
JAMA Neurology,health
JAMA Pediatrics,health
JAMA Psychiatry,health
JMIR mHealth and uHealth,health
Journal for ImmunoTherapy of Cancer,life
Journal of Advanced Research,multidisciplinary
Journal of Aerosol Science,physical
Journal of Animal Ecology,life
Journal of Apicultural Research,life
Journal of Applied Ecology,physical
Journal of Applied Physics,physical
Journal of Approximation Theory,physical
Journal of Archaeological Science,social
Journal of Archaeological Science: Reports,social
Journal of Atherosclerosis and Thrombosis,health
Journal of Behavioral Decision Making,social
Journal of Biological Chemistry,life
Journal of Biomedical Optics,physical
Journal of Biophotonics,physical
Journal of Biotechnology,life
Journal of Bone and Mineral Research,health
Journal of Breath Research,health
"Journal of Cachexia, Sarcopenia and Muscle",health
Journal of Cardiovascular Electrophysiology,health
Journal of Cardiovascular Nursing,health
Journal of Catalysis,physical
Journal of Cell Biology,life
Journal of Cell Science,life
Journal of Cellular and Molecular Medicine,life
Journal of Cellular Physiology,life
Journal of Chemical Information and Modeling,physical
Journal of Cheminformatics,physical
Journal of Classification,social
Journal of Clinical Epidemiology,health
Journal of Clinical Investigation,health
Journal of Clinical Periodontology,health
Journal of Community Genetics,health
Journal of Computer-Aided Molecular Design,physical
Journal of Contaminant Hydrology,physical
Journal of Controlled Release,life
Journal of Cystic Fibrosis,health
Journal of Dairy Science,life
Journal of Dental Research,health
Journal of Differential Equations,physical
Journal of Environmental Management,physical
Journal of Environmental Quality,physical
Journal of Environmental Radioactivity,physical
Journal of Environmental Sciences,physical
Journal of Epidemiology and Community Health,health
Journal of Ethnopharmacology,life
Journal of Evolution Equations,physical
Journal of Experimental Botany,life
Journal of Food Composition and Analysis,life
Journal of Functional Foods,health
Journal of General Internal Medicine,health
Journal of General Virology,life
Journal of Genetics,life
Journal of Hazardous Materials,physical
Journal of Hepatology,health
Journal of Human Hypertension,health
Journal of Hydrology,physical
Journal of Hydrology and Hydromechanics,physical
Journal of Hydrology: Regional Studies,physical
Journal of Immunotherapy,life
Journal of Innate Immunity,health
Journal of Instrumentation,physical
Journal of Intensive Care Medicine,health
Journal of Internal Medicine,health
Journal of Lipid Research,life
Journal of Luminescence,physical
Journal of Magnetic Resonance Imaging,health
Journal of Medical Imaging,health
Journal of Medical Internet Research,health
Journal of Medical Systems,health
Journal of Medicinal Chemistry,life
Journal of Molecular Biology,life
Journal of Molecular Cell Biology,life
Journal of Molecular Endocrinology,life
Journal of Molecular Medicine,life
Journal of Molecular Modeling,physical
Journal of Nanoparticle Research,physical
Journal of Natural Gas Science and Engineering,physical
Journal of Natural Products,life
Journal of Neuro-Oncology,life
Journal of Neurochemistry,life
Journal of Neuroendocrinology,life
Journal of Neurogastroenterology and Motility,health
Journal of Neuroimaging,health
Journal of Neuroimmunology,life
Journal of Neuroinflammation,life
Journal of Neuroscience Methods,life
Journal of Neurosurgical Sciences,health
Journal of Nuclear Medicine,health
Journal of Occupational Rehabilitation,health
Journal of Oncology,health
Journal of Palliative Medicine,health
Journal of Pediatric Gastroenterology and Nutrition,health
Journal of Peptide Science,life
Journal of Perinatology,health
Journal of Personalized Medicine,health
Journal of Pharmaceutical and Biomedical Analysis,life
Journal of Pharmacology and Experimental Therapeutics,life
Journal of Physical Organic Chemistry,physical
Journal of Physics Communications,physical
Journal of Physiology and Biochemistry,life
Journal of Pineal Research,life
Journal of Plant Diseases and Protection,life
Journal of Plant Nutrition and Soil Science,life
Journal of Plant Physiology,life
Journal of Proteomics,life
Journal of Public Health,health
Journal of Radiation Research,physical
Journal of Separation Science,physical
Journal of Sleep Research,life
Journal of Soils and Sediments,physical
Journal of Sports Sciences,health
Journal of Structural Biology,life
Journal of the American Academy of Dermatology,health
Journal of the American Chemical Society,physical
Journal of the American College of Cardiology,health
Journal of the American Geriatrics Society,health
Journal of the American Heart Association,health
Journal of the American Medical Directors Association,health
Journal of the European Academy of Dermatology and Venereology,health
Journal of the International AIDS Society,health
Journal of the Pediatric Infectious Diseases Society,health
Journal of Theoretical Biology,life
Journal of Thermal Analysis and Calorimetry,physical
Journal of Thermal Biology,life
Journal of Thoracic Disease,health
Journal of Thoracic Imaging,health
Journal of Thoracic Oncology,health
Journal of Thrombosis and Thrombolysis,health
Journal of Translational Medicine,life
Journal of Virological Methods,life
Journal of Virology,life
Journal of Visualized Experiments,life
Kidney and Blood Pressure Research,health
Kidney International,health
Kidney International Reports,health
Landscape and Urban Planning,physical
Lasers in Surgery and Medicine,health
Lecture Notes in Computer Science,physical
Life,life
Life Science Alliance,life
Liver Cancer,health
Liver International,health
Lung,health
Machine Learning,physical
Magnetic Resonance in Medicine,health
Mammalian Genome,life
Marine Drugs,life
Materials,physical
Materials Chemistry and Physics,physical
Mathematical Biosciences,life
Mathematics,physical
Mathematics and Computers in Simulation,physical
Mayo Clinic Proceedings,health
mBio,life
Mechanisms of Ageing and Development,life
Medical Decision Making,health
Medicina,health
Medicine,health
Metabolic Brain Disease,life
Methods,life
Methods and Applications in Fluorescence,physical
Methods in Molecular Biology,life
Microbial Biotechnology,life
Microbial Cell,life
Microbiology,life
Microbiology Resource Announcements,life
MicrobiologyOpen,life
Microsurgery,health
Mitochondrion,life
Mobile DNA,life
Molecular and Cellular Biology,life
Molecular and Cellular Endocrinology,life
Molecular Aspects of Medicine,life
Molecular Biology and Evolution,life
Molecular Biology Reports,life
Molecular Carcinogenesis,life
Molecular Cell,life
Molecular Immunology,life
Molecular Metabolism,life
Molecular Neurobiology,life
Molecular Neurodegeneration,life
Molecular Pharmaceutics,life
Molecular Plant,life
Molecular Plant Pathology,life
Molecular Psychiatry,life
Molecular Systems Biology,life
Molecular Therapy,life
Molecular Therapy - Nucleic Acids,life
Molecules,life
Nachrichten aus der Chemie,physical
Nanomaterials,physical
Nanotechnology,physical
Nature,multidisciplinary
Nature Biomedical Engineering,physical
Nature Biotechnology,life
Nature Cell Biology,life
Nature Chemical Biology,life
Nature Chemistry,physical
Nature Communications,physical
Nature Genetics,life
Nature Geoscience,physical
Nature Medicine,life
Nature Methods,life
Nature Microbiology,life
Nature Neuroscience,life
Nature Photonics,physical
Nature Plants,life
Nature Protocols,life
Nature Reviews Nephrology,health
Nature Reviews Neuroscience,life
Naunyn-Schmiedeberg's Archives of Pharmacology,life
Neoplasia,life
Nephrology Dialysis Transplantation,health
Neurobiology of Aging,life
Neurobiology of Disease,life
Neurochemistry International,life
Neuroendocrinology,life
Neuroepidemiology,health
NeuroImage,life
Neurology,health
Neuron,life
Neuropediatrics,health
Neuropharmacology,life
Neurophotonics,health
Neuroscience,life
Neuroscience Letters,life
Neurosurgery,health
New England Journal of Medicine,health
New Phytologist,life
Nuclear Engineering and Technology,physical
Nucleic Acids Research,life
Numerische Mathematik,physical
Nutrition Reviews,health
"Nutrition, Metabolism and Cardiovascular Diseases",health
Obesity,health
Obesity Reviews,health
Occupational and Environmental Medicine,health
Oncogene,life
Oncogenesis,life
Oncotarget,health
Open Biology,life
Open Heart,health
Ophthalmic Genetics,health
Ophthalmology,health
Optica,physical
Optical Materials,physical
Optics Express,physical
Optics Letters,physical
Organic Geochemistry,physical
ORL,health
Orphanet Journal of Rare Diseases,health
Osteoporosis International,health
Pain Practice,health
Palgrave Communications,social
Palliative Medicine,health
Parasite Immunology,life
Parasitology,life
Pathogens,life
Pediatric Diabetes,health
Pediatric Pulmonology,health
Pediatric Research,health
Pediatrics,health
Pedosphere,life
PeerJ,life
Peptides,life
Pharmacoepidemiology and Drug Safety,health
Pharmacogenomics,life
Pharmacological Research,life
Pharmacological Reviews,life
"Philosophical Transactions of the Royal Society A: Mathematical, Physical and Engineering Sciences",physical
Philosophical Transactions of the Royal Society B: Biological Sciences,life
Physical Biology,life
Physical Review Letters,physical
Physics and Chemistry of Minerals,physical
Physics in Medicine and Biology,health
Physics of Fluids,physical
Physiologia Plantarum,life
Phytochemistry,life
Plant and Cell Physiology,life
Plant and Soil,life
Plant Biotechnology Journal,life
Plant Direct,life
Plant Gene,life
Plant Methods,life
Plant Physiology,life
Preventive Medicine,health
Primary Care Diabetes,health
Proceedings of the Nutrition Society,health
"Proceedings of the Royal Society A: Mathematical, Physical and Engineering Sciences",physical
Proceedings of the Royal Society B: Biological Sciences,life
Progress in Nuclear Magnetic Resonance Spectroscopy,physical
Protein Expression and Purification,life
Protein Science,life
Proteomes,life
Protoplasma,life
Psychoneuroendocrinology,life
Psychopharmacology,life
Public Health Forum,health
Public Health Nutrition,health
Pure and Applied Chemistry,physical
Purinergic Signalling,life
Quality of Life Research,health
Radiation and Environmental Biophysics,physical
Radiation Measurements,physical
Radiation Oncology,health
Radiation Oncology Journal,health
Radiation Physics and Chemistry,physical
Radiation Protection Dosimetry,health
Radiology,health
Radiology and Oncology,health
Radioprotection,physical
Radiotherapy and Oncology,health
Rapid Communications in Mass Spectrometry,physical
Remote Sensing,physical
Reproductive Toxicology,life
Respiration,health
Respiratory Medicine,health
Respiratory Research,health
Resuscitation,health
Review of Scientific Instruments,physical
RNA,life
RNA Biology,life
Royal Society Open Science,multidisciplinary
Science,multidisciplinary
Science Signaling,life
Science Translational Medicine,health
Scientific Reports,multidisciplinary
Seminars in Nephrology,health
Sensors,physical
SERIEs,social
SIAM Journal on Imaging Sciences,physical
SIAM Journal on Mathematical Analysis,physical
Skin Research and Technology,health
Sleep,health
Sleep Medicine,health
Small,physical
SOIL,life
Soil and Water Research,life
Soil Biology and Biochemistry,life
Sports Medicine - Open,health
Stem Cell Investigation,life
Stem Cell Reports,life
Stem Cell Research,life
Stem Cells International,life
Strahlentherapie und Onkologie,health
Stress,life
Stroke,health
Structure,life
Supportive Care in Cancer,health
Talanta,physical
The Lancet,health
The Lancet Neurology,health
The Lancet Oncology,health
The Lancet Respiratory Medicine,health
Theoretical and Applied Climatology,physical
Theoretical Population Biology,life
Therapeutic Advances in Endocrinology and Metabolism,health
Therapeutic Advances in Medical Oncology,health
Thorax,health
Thrombosis and Haemostasis,health
Topics in Magnetic Resonance Imaging,health
Toxicology,life
Toxicology and Applied Pharmacology,life
Toxicology in Vitro,life
Toxicology Letters,life
Toxicon,life
Traffic,life
Translational Research,health
Transplant Infectious Disease,health
Transplant International,health
Transplantation,health
Travel Medicine and Infectious Disease,health
Tree Physiology,life
Trends in Biochemical Sciences,life
Trends in Genetics,life
Trends in Molecular Medicine,life
Trends in Neurosciences,life
Trends in Pharmacological Sciences,life
Trends in Plant Science,life
Trials,health
Tumor Biology,life
Ultrasonics,physical
Urban Climate,physical
Vadose Zone Journal,life
Value in Health,health
Virus Research,life
Waste Management,physical
Water Resources Research,physical
World Journal of Gastroenterology,health
World Neurosurgery,health
Wound Repair and Regeneration,health
Zoological Letters,life
